{"population": [{"attribute_values": [30.03684920660667, 23.208296316100707, 10.91207486556324, 6.33144934726556, 12.498718881314668, 12.498718881314668, 20.275750202757504, 20.275750202757504, 20.275750202757504, 20.275750202757504, 20.275750202757504, 20.275750202757504, 20.275750202757504, 104.83367089775363, 211.7208672086721, 992.063492063492, 84.8461400097064, 134.53011322054329, 566.4310313576219, 132.68582650001326, 222.29335609617297, 281.40794020644086, 20.32470752745868, 20.275750202757504, 20.275750202757504, 2.7386047750751037, 4.201306438250039], "fitness_weighted_sum": -7.2283720682564985, "fitness_values": [-7.2283720682564985]}, {"attribute_values": [30.03684920660667, 23.208296316100707, 10.91207486556324, 6.33144934726556, 12.498718881314668, 12.498718881314668, 20.275750202757504, 20.275750202757504, 20.275750202757504, 20.275750202757504, 20.275750202757504, 20.275750202757504, 20.275750202757504, 104.83367089775363, 211.7208672086721, 992.063492063492, 84.8461400097064, 134.53011322054329, 566.4310313576219, 132.68582650001326, 222.29335609617297, 281.40794020644086, 20.32470752745868, 20.275750202757504, 20.275750202757504, 2.7386047750751037, 4.201306438250039], "fitness_weighted_sum": -7.228372106978017, "fitness_values": [-7.228372106978017]}, {"attribute_values": [30.03684920660667, 23.208296316100707, 10.91207486556324, 6.33144934726556, 12.498718881314668, 12.498718881314668, 20.275750202757504, 20.275750202757504, 20.275750202757504, 20.275750202757504, 20.275750202757504, 20.275750202757504, 20.275750202757504, 104.83367089775363, 211.7208672086721, 992.063492063492, 84.8461400097064, 134.53011322054329, 566.4310313576219, 132.68582650001326, 222.29335609617297, 281.40794020644086, 20.32470752745868, 20.275750202757504, 20.275750202757504, 2.7386047750751037, 4.201306438250039], "fitness_weighted_sum": -7.228372106978017, "fitness_values": [-7.228372106978017]}, {"attribute_values": [30.03684920660667, 23.208296316100707, 10.91207486556324, 6.33144934726556, 12.498718881314668, 12.498718881314668, 20.275750202757504, 20.275750202757504, 20.275750202757504, 20.275750202757504, 20.275750202757504, 20.275750202757504, 20.275750202757504, 104.83367089775363, 211.7208672086721, 992.063492063492, 84.8461400097064, 134.53011322054329, 566.4310313576219, 132.68582650001326, 222.29335609617297, 281.40794020644086, 20.32470752745868, 20.275750202757504, 20.275750202757504, 2.7386047750751037, 4.201306438250039], "fitness_weighted_sum": -7.228372106978017, "fitness_values": [-7.228372106978017]}, {"attribute_values": [30.03684920660667, 23.208296316100707, 10.91207486556324, 6.33144934726556, 12.498718881314668, 12.498718881314668, 20.275750202757504, 20.275750202757504, 20.275750202757504, 20.275750202757504, 20.275750202757504, 20.275750202757504, 20.275750202757504, 104.83367089775363, 211.7208672086721, 992.063492063492, 84.8461400097064, 134.53011322054329, 566.4310313576219, 132.68582650001326, 222.29335609617297, 281.40794020644086, 20.32470752745868, 20.275750202757504, 20.275750202757504, 2.7386047750751037, 4.201306438250039], "fitness_weighted_sum": -7.228372106978017, "fitness_values": [-7.228372106978017]}, {"attribute_values": [30.03684920660667, 23.208296316100707, 10.91207486556324, 6.33144934726556, 12.498718881314668, 12.498718881314668, 20.275750202757504, 20.275750202757504, 20.275750202757504, 20.275750202757504, 20.275750202757504, 20.275750202757504, 20.275750202757504, 104.83367089775363, 211.7208672086721, 992.063492063492, 84.8461400097064, 134.53011322054329, 566.4310313576219, 132.68582650001326, 222.29335609617297, 281.40794020644086, 20.32470752745868, 20.275750202757504, 20.275750202757504, 2.7386047750751037, 4.201306438250039], "fitness_weighted_sum": -7.2283720682564985, "fitness_values": [-7.2283720682564985]}, {"attribute_values": [30.03684920660667, 23.208296316100707, 10.91207486556324, 6.33144934726556, 12.498718881314668, 12.498718881314668, 20.275750202757504, 20.275750202757504, 20.275750202757504, 20.275750202757504, 20.275750202757504, 20.275750202757504, 20.275750202757504, 104.83367089775363, 211.7208672086721, 992.063492063492, 84.8461400097064, 134.53011322054329, 566.4310313576219, 132.68582650001326, 222.29335609617297, 281.40794020644086, 20.32470752745868, 20.275750202757504, 20.275750202757504, 2.7386047750751037, 4.201306438250039], "fitness_weighted_sum": -7.2283720690887145, "fitness_values": [-7.2283720690887145]}, {"attribute_values": [30.03684920660667, 23.208296316100707, 10.91207486556324, 6.33144934726556, 12.498718881314668, 12.498718881314668, 20.275750202757504, 20.275750202757504, 20.275750202757504, 20.275750202757504, 20.275750202757504, 20.275750202757504, 20.275750202757504, 104.83367089775363, 211.7208672086721, 992.063492063492, 84.8461400097064, 134.53011322054329, 566.4310313576219, 132.68582650001326, 222.29335609617297, 281.40794020644086, 20.32470752745868, 20.275750202757504, 20.275750202757504, 2.7386047750751037, 4.201306438250039], "fitness_weighted_sum": -7.228372106978017, "fitness_values": [-7.228372106978017]}, {"attribute_values": [30.03684920660667, 23.208296316100707, 10.91207486556324, 6.33144934726556, 12.498718881314668, 12.498718881314668, 20.275750202757504, 20.275750202757504, 20.275750202757504, 20.275750202757504, 20.275750202757504, 20.275750202757504, 20.275750202757504, 104.83367089775363, 211.7208672086721, 992.063492063492, 84.8461400097064, 134.53011322054329, 566.4310313576219, 132.68582650001326, 222.29335609617297, 281.40794020644086, 20.32470752745868, 20.275750202757504, 20.275750202757504, 2.7386047750751037, 4.201306438250039], "fitness_weighted_sum": -7.228372106978017, "fitness_values": [-7.228372106978017]}, {"attribute_values": [30.03684920660667, 23.208296316100707, 10.91207486556324, 6.33144934726556, 12.498718881314668, 12.498718881314668, 20.275750202757504, 20.275750202757504, 20.275750202757504, 20.275750202757504, 20.275750202757504, 20.275750202757504, 20.275750202757504, 104.83367089775363, 211.7208672086721, 992.063492063492, 84.8461400097064, 134.53011322054329, 566.4310313576219, 132.68582650001326, 222.29335609617297, 281.40794020644086, 20.32470752745868, 20.275750202757504, 20.275750202757504, 2.7386047750751037, 4.201306438250039], "fitness_weighted_sum": -7.228372106978017, "fitness_values": [-7.228372106978017]}, {"attribute_values": [30.03684920660667, 23.208296316100707, 10.91207486556324, 6.33144934726556, 12.498718881314668, 12.498718881314668, 20.275750202757504, 20.275750202757504, 20.275750202757504, 20.275750202757504, 20.275750202757504, 20.275750202757504, 20.275750202757504, 104.83367089775363, 211.7208672086721, 992.063492063492, 84.8461400097064, 134.53011322054329, 566.4310313576219, 132.68582650001326, 222.29335609617297, 281.40794020644086, 20.32470752745868, 20.275750202757504, 20.275750202757504, 2.7386047750751037, 4.201306438250039], "fitness_weighted_sum": -7.2283720682564985, "fitness_values": [-7.2283720682564985]}, {"attribute_values": [30.03684920660667, 23.208296316100707, 10.91207486556324, 6.33144934726556, 12.498718881314668, 12.498718881314668, 20.275750202757504, 20.275750202757504, 20.275750202757504, 20.275750202757504, 20.275750202757504, 20.275750202757504, 20.275750202757504, 104.83367089775363, 211.7208672086721, 992.063492063492, 84.8461400097064, 134.53011322054329, 566.4310313576219, 132.68582650001326, 222.29335609617297, 281.40794020644086, 20.32470752745868, 20.275750202757504, 20.275750202757504, 2.7386047750751037, 4.201306438250039], "fitness_weighted_sum": -7.228372106978017,